date,year,month,day,Day of the week,work,備轉容量(MW),備轉容量率(%),瞬時尖峰負載(MW),淨尖峰供電能力(MW)
2019/1/1,2019,1,1,2,FALSE,2557.3,10.71,23877.68,26434.98
2019/1/2,2019,1,2,3,TRUE,1899,6.75,28133.33,30032.33
2019/1/3,2019,1,3,4,TRUE,1891,6.65,28436.09,30327.09
2019/1/4,2019,1,4,5,TRUE,1811,6.36,28474.84,30285.84
2019/1/5,2019,1,5,6,FALSE,1903,7.3,26068.49,27971.49
2019/1/6,2019,1,6,7,FALSE,2333,9.48,24609.7,26942.7
2019/1/7,2019,1,7,1,TRUE,1800,6.31,28526.15,30326.15
2019/1/8,2019,1,8,2,TRUE,1843,6.42,28707.17,30550.17
2019/1/9,2019,1,9,3,TRUE,1954,6.82,28651.03,30605.03
2019/1/10,2019,1,10,4,TRUE,1847,6.37,28995.29,30842.29
2019/1/11,2019,1,11,5,TRUE,1884,6.54,28807.34,30691.34
2019/1/12,2019,1,12,6,FALSE,2497,9.64,25902.49,28399.49
2019/1/13,2019,1,13,7,FALSE,2398,9.74,24620.12,27018.12
2019/1/14,2019,1,14,1,TRUE,1745,6.16,28327.92,30072.92
2019/1/15,2019,1,15,2,TRUE,1844,6.38,28902.82,30746.82
2019/1/16,2019,1,16,3,TRUE,1849,6.45,28666.67,30515.67
2019/1/17,2019,1,17,4,TRUE,1933,6.81,28384.73,30317.73
2019/1/18,2019,1,18,5,TRUE,1935,6.97,27761.84,29696.84
2019/1/19,2019,1,19,6,TRUE,1954,7.38,26476.96,28430.96
2019/1/20,2019,1,20,7,FALSE,2599,10.59,24542.02,27141.02
2019/1/21,2019,1,21,1,TRUE,1915,6.9,27753.62,29668.62
2019/1/22,2019,1,22,2,TRUE,1921,6.83,28125.92,30046.92
2019/1/23,2019,1,23,3,TRUE,1938,6.96,27844.83,29782.83
2019/1/24,2019,1,24,4,TRUE,1872,6.72,27857.14,29729.14
2019/1/25,2019,1,25,5,TRUE,1906,6.98,27306.59,29212.59
2019/1/26,2019,1,26,6,FALSE,2535,10.03,25274.18,27809.18
2019/1/27,2019,1,27,7,FALSE,2092,8.57,24410.74,26502.74
2019/1/28,2019,1,28,1,TRUE,1806,6.55,27572.52,29378.52
2019/1/29,2019,1,29,2,TRUE,1832,6.58,27841.95,29673.95
2019/1/30,2019,1,30,3,TRUE,1810,6.52,27760.74,29570.74
2019/1/31,2019,1,31,4,TRUE,1890,6.95,27194.24,29084.24
2019/2/1,2019,2,1,5,TRUE,2148,8.69,24718.07,26866.07
2019/2/2,2019,2,2,6,FALSE,2241,9.58,23392.48,25633.48
2019/2/3,2019,2,3,7,FALSE,2038,8.89,22924.63,24962.63
2019/2/4,2019,2,4,1,FALSE,2563,12.68,20212.93,22775.93
2019/2/5,2019,2,5,2,FALSE,2333,11.67,19991.43,22324.43
2019/2/6,2019,2,6,3,FALSE,2322,11.65,19931.33,22253.33
2019/2/7,2019,2,7,4,FALSE,2107,10.06,20944.33,23051.33
2019/2/8,2019,2,8,5,FALSE,3115,14.43,21586.97,24701.97
2019/2/9,2019,2,9,6,FALSE,3136,13.98,22432.05,25568.05
2019/2/10,2019,2,10,7,FALSE,3023,13.01,23235.97,26258.97
2019/2/11,2019,2,11,1,TRUE,2275,8.53,26670.57,28945.57
2019/2/12,2019,2,12,2,TRUE,1860,6.7,27761.19,29621.19
2019/2/13,2019,2,13,3,TRUE,1915,6.91,27713.46,29628.46
2019/2/14,2019,2,14,4,TRUE,1943,6.88,28241.28,30184.28
2019/2/15,2019,2,15,5,TRUE,1959,6.93,28268.4,30227.4
2019/2/16,2019,2,16,6,FALSE,2426,9.54,25429.77,27855.77
2019/2/17,2019,2,17,7,FALSE,2673,10.98,24344.26,27017.26
2019/2/18,2019,2,18,1,TRUE,1762,6.15,28650.41,30412.41
2019/2/19,2019,2,19,2,TRUE,1891,6.55,28870.23,30761.23
2019/2/20,2019,2,20,3,TRUE,1838,6.32,29082.28,30920.28
2019/2/21,2019,2,21,4,TRUE,1813,6.27,28915.47,30728.47
2019/2/22,2019,2,22,5,TRUE,1870,6.58,28419.45,30289.45
2019/2/23,2019,2,23,6,TRUE,1729,6.47,26723.34,28452.34
2019/2/24,2019,2,24,7,FALSE,1770,7.17,24686.19,26456.19
2019/2/25,2019,2,25,1,TRUE,1754,6.24,28108.97,29862.97
2019/2/26,2019,2,26,2,TRUE,1818,6.4,28406.25,30224.25
2019/2/27,2019,2,27,3,TRUE,1903,6.79,28026.51,29929.51
2019/2/28,2019,2,28,4,FALSE,2430,9.54,25471.7,27901.7
2019/3/1,2019,3,1,5,FALSE,2371,9.6,24697.92,27068.92
2019/3/2,2019,3,2,6,FALSE,1833,7.41,24736.84,26569.84
2019/3/3,2019,3,3,7,FALSE,2224,9.23,24095.34,26319.34
2019/3/4,2019,3,4,1,TRUE,1895,6.84,27704.68,29599.68
2019/3/5,2019,3,5,2,TRUE,1954,6.92,28236.99,30190.99
2019/3/6,2019,3,6,3,TRUE,1922,6.86,28017.49,29939.49
2019/3/7,2019,3,7,4,TRUE,1868,6.64,28132.53,30000.53
2019/3/8,2019,3,8,5,TRUE,1816,6.5,27938.46,29754.46
2019/3/9,2019,3,9,6,FALSE,2191,8.47,25867.77,28058.77
2019/3/10,2019,3,10,7,FALSE,1823,7.35,24802.72,26625.72
2019/3/11,2019,3,11,1,TRUE,1794,6.47,27727.98,29521.98
2019/3/12,2019,3,12,2,TRUE,1879,6.73,27919.76,29798.76
2019/3/13,2019,3,13,3,TRUE,1923,6.83,28155.2,30078.2
2019/3/14,2019,3,14,4,TRUE,1780,6.26,28434.5,30214.5
2019/3/15,2019,3,15,5,TRUE,1928,6.95,27741.01,29669.01
2019/3/16,2019,3,16,6,FALSE,2518,9.95,25306.53,27824.53
2019/3/17,2019,3,17,7,FALSE,2290,9.28,24676.72,26966.72
2019/3/18,2019,3,18,1,TRUE,1755,6.19,28352.18,30107.18
2019/3/19,2019,3,19,2,TRUE,1805,6.25,28880,30685
2019/3/20,2019,3,20,3,TRUE,1844,6.22,29646.3,31490.3
2019/3/21,2019,3,21,4,TRUE,1967,6.48,30354.94,32321.94
2019/3/22,2019,3,22,5,TRUE,2341,7.9,29632.91,31973.91
2019/3/23,2019,3,23,6,FALSE,2084,8.25,25260.61,27344.61
2019/3/24,2019,3,24,7,FALSE,1859,7.49,24819.76,26678.76
2019/3/25,2019,3,25,1,TRUE,1853,6.49,28551.62,30404.62
2019/3/26,2019,3,26,2,TRUE,1887,6.56,28765.24,30652.24
2019/3/27,2019,3,27,3,TRUE,1933,6.63,29155.35,31088.35
2019/3/28,2019,3,28,4,TRUE,1892,6.29,30079.49,31971.49
2019/3/29,2019,3,29,5,TRUE,2055,6.92,29696.53,31751.53
2019/3/30,2019,3,30,6,FALSE,2155,8.35,25808.38,27963.38
2019/3/31,2019,3,31,7,FALSE,2297,9.39,24462.19,26759.19
2019/4/1,2019,4,1,1,TRUE,1930,6.93,27849.93,29779.93
2019/4/2,2019,4,2,2,TRUE,1915,6.75,28370.37,30285.37
2019/4/3,2019,4,3,3,TRUE,1905,6.69,28475.34,30380.34
2019/4/4,2019,4,4,4,FALSE,2340,9.12,25657.89,27997.89
2019/4/5,2019,4,5,5,FALSE,1872,7.63,24534.73,26406.73
2019/4/6,2019,4,6,6,FALSE,1683,6.74,24970.33,26653.33
2019/4/7,2019,4,7,7,FALSE,1778,7.04,25255.68,27033.68
2019/4/8,2019,4,8,1,TRUE,1969,6.48,30385.8,32354.8
2019/4/9,2019,4,9,2,TRUE,1964,6.23,31524.88,33488.88
2019/4/10,2019,4,10,3,TRUE,2154,6.79,31723.12,33877.12
2019/4/11,2019,4,11,4,TRUE,2079,6.81,30528.63,32607.63
2019/4/12,2019,4,12,5,TRUE,2018,6.95,29035.97,31053.97
2019/4/13,2019,4,13,6,FALSE,1760,6.66,26426.43,28186.43
2019/4/14,2019,4,14,7,FALSE,2528,9.9,25535.35,28063.35
2019/4/15,2019,4,15,1,TRUE,1986,6.91,28740.96,30726.96
2019/4/16,2019,4,16,2,TRUE,1877,6.47,29010.82,30887.82
2019/4/17,2019,4,17,3,TRUE,2050,6.93,29581.53,31631.53
2019/4/18,2019,4,18,4,TRUE,2003,6.6,30348.48,32351.48
2019/4/19,2019,4,19,5,TRUE,1920,6.24,30769.23,32689.23
2019/4/20,2019,4,20,6,FALSE,1877,6.98,26891.12,28768.12
2019/4/21,2019,4,21,7,FALSE,2298,8.74,26292.91,28590.91
2019/4/22,2019,4,22,1,TRUE,1993,6.24,31939.1,33932.1
2019/4/23,2019,4,23,2,TRUE,2026,6.11,33158.76,35184.76
2019/4/24,2019,4,24,3,TRUE,2003,6.02,33272.43,35275.43
2019/4/25,2019,4,25,4,TRUE,2290,6.91,33140.38,35430.38
2019/4/26,2019,4,26,5,TRUE,2252,6.89,32685.05,34937.05
2019/4/27,2019,4,27,6,FALSE,1993,7.28,27376.37,29369.37
2019/4/28,2019,4,28,7,FALSE,1740,6.46,26934.98,28674.98
2019/4/29,2019,4,29,1,TRUE,2211,6.73,32852.9,35063.9
2019/4/30,2019,4,30,2,TRUE,2210,6.68,33083.83,35293.83
2019/5/1,2019,5,1,3,TRUE,3093,11.53,26825.67,29918.67
2019/5/2,2019,5,2,4,TRUE,2683,9.35,28695.19,31378.19
2019/5/3,2019,5,3,5,TRUE,3316,11.71,28317.68,31633.68
2019/5/4,2019,5,4,6,FALSE,3119,12.08,25819.54,28938.54
2019/5/5,2019,5,5,7,FALSE,2255,8.9,25337.08,27592.08
2019/5/6,2019,5,6,1,TRUE,2404,8.4,28619.05,31023.05
2019/5/7,2019,5,7,2,TRUE,2609,9.16,28482.53,31091.53
2019/5/8,2019,5,8,3,TRUE,2140,7.39,28958.05,31098.05
2019/5/9,2019,5,9,4,TRUE,2212,7.57,29220.61,31432.61
2019/5/10,2019,5,10,5,TRUE,2608,8.82,29569.16,32177.16
2019/5/11,2019,5,11,6,FALSE,2837,10.68,26563.67,29400.67
2019/5/12,2019,5,12,7,FALSE,2709,10.23,26480.94,29189.94
2019/5/13,2019,5,13,1,TRUE,2311,7.19,32141.86,34452.86
2019/5/14,2019,5,14,2,TRUE,2131,6.43,33141.52,35272.52
2019/5/15,2019,5,15,3,TRUE,2253,6.85,32890.51,35143.51
2019/5/16,2019,5,16,4,TRUE,2432,7.3,33315.07,35747.07
2019/5/17,2019,5,17,5,TRUE,2546,7.88,32309.64,34855.64
2019/5/18,2019,5,18,6,FALSE,2591,8.78,29510.25,32101.25
2019/5/19,2019,5,19,7,FALSE,2127,7.34,28978.2,31105.2
2019/5/20,2019,5,20,1,TRUE,3347,10.39,32213.67,35560.67
2019/5/21,2019,5,21,2,TRUE,3887,12.97,29969.16,33856.16
2019/5/22,2019,5,22,3,TRUE,4554,15.11,30138.98,34692.98
2019/5/23,2019,5,23,4,TRUE,4712,15.48,30439.28,35151.28
2019/5/24,2019,5,24,5,TRUE,3575,11.33,31553.4,35128.4
2019/5/25,2019,5,25,6,FALSE,3984,14.33,27801.81,31785.81
2019/5/26,2019,5,26,7,FALSE,3789,13.58,27901.33,31690.33
2019/5/27,2019,5,27,1,TRUE,2706,8.32,32524.04,35230.04
2019/5/28,2019,5,28,2,TRUE,3169,9.83,32238.05,35407.05
2019/5/29,2019,5,29,3,TRUE,5905,19.48,30313.14,36218.14
2019/5/30,2019,5,30,4,TRUE,4367,13.6,32110.29,36477.29
2019/5/31,2019,5,31,5,TRUE,4515,13.69,32980.28,37495.28
2019/6/1,2019,6,1,6,FALSE,4042,14.01,28850.82,32892.82
2019/6/2,2019,6,2,7,FALSE,3632,12.59,28848.29,32480.29
2019/6/3,2019,6,3,1,TRUE,4540,13.78,32946.3,37486.3
2019/6/4,2019,6,4,2,TRUE,4546,14.03,32402,36948
2019/6/5,2019,6,5,3,TRUE,4029,11.88,33914.14,37943.14
2019/6/6,2019,6,6,4,TRUE,3785,10.85,34884.79,38669.79
2019/6/7,2019,6,7,5,FALSE,4702,15.64,30063.94,34765.94
2019/6/8,2019,6,8,6,FALSE,3310,11.2,29553.57,32863.57
2019/6/9,2019,6,9,7,FALSE,4082,13.88,29409.22,33491.22
2019/6/10,2019,6,10,1,TRUE,4147,12.43,33362.83,37509.83
2019/6/11,2019,6,11,2,TRUE,4215,13.12,32126.52,36341.52
2019/6/12,2019,6,12,3,TRUE,5418,17.42,31102.18,36520.18
2019/6/13,2019,6,13,4,TRUE,3593,11.34,31684.3,35277.3
2019/6/14,2019,6,14,5,TRUE,4895,15.85,30883.28,35778.28
2019/6/15,2019,6,15,6,FALSE,5436,19.63,27692.31,33128.31
2019/6/16,2019,6,16,7,FALSE,4962,17.93,27674.29,32636.29
2019/6/17,2019,6,17,1,TRUE,3765,11.17,33706.36,37471.36
2019/6/18,2019,6,18,2,TRUE,3257,9.38,34722.81,37979.81
2019/6/19,2019,6,19,3,TRUE,3657,10.27,35608.57,39265.57
2019/6/20,2019,6,20,4,TRUE,3703,10.3,35951.46,39654.46
2019/6/21,2019,6,21,5,TRUE,4080,11.36,35915.49,39995.49
2019/6/22,2019,6,22,6,FALSE,4190,13.55,30922.51,35112.51
2019/6/23,2019,6,23,7,FALSE,4744,16.76,28305.49,33049.49
2019/6/24,2019,6,24,1,TRUE,5416,17.09,31691.05,37107.05
2019/6/25,2019,6,25,2,TRUE,3514,10.56,33276.52,36790.52
2019/6/26,2019,6,26,3,TRUE,4112,12.53,32817.24,36929.24
2019/6/27,2019,6,27,4,TRUE,4175,12.48,33453.53,37628.53
2019/6/28,2019,6,28,5,TRUE,3567,10.2,34970.59,38537.59
2019/6/29,2019,6,29,6,FALSE,3602,11.79,30551.31,34153.31
2019/6/30,2019,6,30,7,FALSE,3439,11.43,30087.49,33526.49
2019/7/1,2019,7,1,1,TRUE,3634,10.32,35213.18,38847.18
2019/7/2,2019,7,2,2,TRUE,4883,13.93,35053.84,39936.84
2019/7/3,2019,7,3,3,TRUE,4753,14,33950,38703
2019/7/4,2019,7,4,4,TRUE,4895,14.33,34159.11,39054.11
2019/7/5,2019,7,5,5,TRUE,5714,16.88,33850.71,39564.71
2019/7/6,2019,7,6,6,FALSE,4435,14.78,30006.77,34441.77
2019/7/7,2019,7,7,7,FALSE,4313,14.39,29972.2,34285.2
2019/7/8,2019,7,8,1,TRUE,4455,12.67,35161.8,39616.8
2019/7/9,2019,7,9,2,TRUE,4166,11.94,34891.12,39057.12
2019/7/10,2019,7,10,3,TRUE,3897,11.05,35266.97,39163.97
2019/7/11,2019,7,11,4,TRUE,4155,12.02,34567.39,38722.39
2019/7/12,2019,7,12,5,TRUE,4332,12.16,35625,39957
2019/7/13,2019,7,13,6,FALSE,5138,16.39,31348.38,36486.38
2019/7/14,2019,7,14,7,FALSE,3257,10.53,30930.67,34187.67
2019/7/15,2019,7,15,1,TRUE,3637,10.03,36261.22,39898.22
2019/7/16,2019,7,16,2,TRUE,3224,8.73,36930.13,40154.13
2019/7/17,2019,7,17,3,TRUE,3770,10.08,37400.79,41170.79
2019/7/18,2019,7,18,4,TRUE,4080,11.36,35915.49,39995.49
2019/7/19,2019,7,19,5,TRUE,4510,12.71,35483.87,39993.87
2019/7/20,2019,7,20,6,FALSE,6218,20.31,30615.46,36833.46
2019/7/21,2019,7,21,7,FALSE,5390,18.2,29615.38,35005.38
2019/7/22,2019,7,22,1,TRUE,5758,16.7,34479.04,40237.04
2019/7/23,2019,7,23,2,TRUE,4766,13.62,34992.66,39758.66
2019/7/24,2019,7,24,3,TRUE,5038,14.16,35579.1,40617.1
2019/7/25,2019,7,25,4,TRUE,4636,12.89,35965.87,40601.87
2019/7/26,2019,7,26,5,TRUE,3897,10.67,36522.96,40419.96
2019/7/27,2019,7,27,6,FALSE,5346,17.13,31208.41,36554.41
2019/7/28,2019,7,28,7,FALSE,5714,19.27,29652.31,35366.31
2019/7/29,2019,7,29,1,TRUE,4924,13.85,35552.35,40476.35
2019/7/30,2019,7,30,2,TRUE,4067,11.1,36639.64,40706.64
2019/7/31,2019,7,31,3,TRUE,3729,10.13,36811.45,40540.45
2019/8/1,2019,8,1,4,TRUE,4042,11.08,36480.14,40522.14
2019/8/2,2019,8,2,5,TRUE,5035,14.08,35759.94,40794.94
2019/8/3,2019,8,3,6,FALSE,5875,18.92,31051.8,36926.8
2019/8/4,2019,8,4,7,FALSE,3818,12.18,31346.47,35164.47
2019/8/5,2019,8,5,1,TRUE,3928,10.7,36710.28,40638.28
2019/8/6,2019,8,6,2,TRUE,4771,13.11,36392.07,41163.07
2019/8/7,2019,8,7,3,TRUE,4719,13.08,36077.98,40796.98
2019/8/8,2019,8,8,4,TRUE,4317,11.88,36338.38,40655.38
2019/8/9,2019,8,9,5,TRUE,6977,22.7,30735.68,37712.68
2019/8/10,2019,8,10,6,FALSE,4571,14.52,31480.72,36051.72
2019/8/11,2019,8,11,7,FALSE,4187,13.48,31060.83,35247.83
2019/8/12,2019,8,12,1,TRUE,5793,16.8,34482.14,40275.14
2019/8/13,2019,8,13,2,TRUE,4752,14.02,33894.44,38646.44
2019/8/14,2019,8,14,3,TRUE,4064,11.26,36092.36,40156.36
2019/8/15,2019,8,15,4,TRUE,6355,18.54,34277.24,40632.24
2019/8/16,2019,8,16,5,TRUE,6048,17.59,34383.17,40431.17
2019/8/17,2019,8,17,6,FALSE,6655,21.87,30429.81,37084.81
2019/8/18,2019,8,18,7,FALSE,6143,21.47,28612.02,34755.02
2019/8/19,2019,8,19,1,TRUE,6376,19.35,32950.9,39326.9
2019/8/20,2019,8,20,2,TRUE,6269,18.81,33328.02,39597.02
2019/8/21,2019,8,21,3,TRUE,6430,19.17,33541.99,39971.99
2019/8/22,2019,8,22,4,TRUE,4824,13.79,34981.87,39805.87
2019/8/23,2019,8,23,5,TRUE,4868,13.85,35148.01,40016.01
2019/8/24,2019,8,24,6,FALSE,6973,24.05,28993.76,35966.76
2019/8/25,2019,8,25,7,FALSE,5462,18.84,28991.51,34453.51
2019/8/26,2019,8,26,1,TRUE,5354,15.27,35062.21,40416.21
2019/8/27,2019,8,27,2,TRUE,4692,13.18,35599.39,40291.39
2019/8/28,2019,8,28,3,TRUE,4094,11.21,36520.96,40614.96
2019/8/29,2019,8,29,4,TRUE,4056,11.15,36376.68,40432.68
2019/8/30,2019,8,30,5,TRUE,5615,16.22,34617.76,40232.76
2019/8/31,2019,8,31,6,FALSE,4767,15.56,30636.25,35403.25
2019/9/1,2019,9,1,7,FALSE,4982,16.81,29637.12,34619.12
2019/9/2,2019,9,2,1,TRUE,4606,13.02,35376.34,39982.34
2019/9/3,2019,9,3,2,TRUE,4581,12.92,35456.66,40037.66
2019/9/4,2019,9,4,3,TRUE,5419,16.07,33721.22,39140.22
2019/9/5,2019,9,5,4,TRUE,5876,17.66,33272.93,39148.93
2019/9/6,2019,9,6,5,TRUE,5085,14.87,34196.37,39281.37
2019/9/7,2019,9,7,6,FALSE,4894,16.27,30079.9,34973.9
2019/9/8,2019,9,8,7,FALSE,4192,14.43,29050.59,33242.59
2019/9/9,2019,9,9,1,TRUE,4961,14.44,34355.96,39316.96
2019/9/10,2019,9,10,2,TRUE,4148,11.97,34653.3,38801.3
2019/9/11,2019,9,11,3,TRUE,4575,12.95,35328.19,39903.19
2019/9/12,2019,9,12,4,TRUE,4625,13.12,35251.52,39876.52
2019/9/13,2019,9,13,5,FALSE,4824,16.42,29378.81,34202.81
2019/9/14,2019,9,14,6,FALSE,4394,15.33,28662.75,33056.75
2019/9/15,2019,9,15,7,FALSE,5387,19.11,28189.43,33576.43
2019/9/16,2019,9,16,1,TRUE,6025,18.13,33232.21,39257.21
2019/9/17,2019,9,17,2,TRUE,5975,18.13,32956.43,38931.43
2019/9/18,2019,9,18,3,TRUE,6042,18.63,32431.56,38473.56
2019/9/19,2019,9,19,4,TRUE,6893,21.88,31503.66,38396.66
2019/9/20,2019,9,20,5,TRUE,6345,20.74,30593.06,36938.06
2019/9/21,2019,9,21,6,FALSE,5612,21.21,26459.22,32071.22
2019/9/22,2019,9,22,7,FALSE,5421,20.98,25838.89,31259.89
2019/9/23,2019,9,23,1,TRUE,6619,22.1,29950.23,36569.23
2019/9/24,2019,9,24,2,TRUE,6616,21.98,30100.09,36716.09
2019/9/25,2019,9,25,3,TRUE,5679,18.49,30713.9,36392.9
2019/9/26,2019,9,26,4,TRUE,5659,18.16,31161.89,36820.89
2019/9/27,2019,9,27,5,TRUE,6244,19.98,31251.25,37495.25
2019/9/28,2019,9,28,6,FALSE,4852,17.23,28160.19,33012.19
2019/9/29,2019,9,29,7,FALSE,4315,15.45,27928.8,32243.8
2019/9/30,2019,9,30,1,TRUE,7657,26.86,28507.07,36164.07
2019/10/1,2019,10,1,2,TRUE,4532,14.2,31915.49,36447.49
2019/10/2,2019,10,2,3,TRUE,4077,12.24,33308.82,37385.82
2019/10/3,2019,10,3,4,TRUE,3807,11.3,33690.27,37497.27
2019/10/4,2019,10,4,5,TRUE,4421,13.13,33670.98,38091.98
2019/10/5,2019,10,5,6,TRUE,4561,14.06,32439.54,37000.54
2019/10/6,2019,10,6,7,FALSE,3789,13.52,28025.15,31814.15
2019/10/7,2019,10,7,1,TRUE,3702,11.26,32877.44,36579.44
2019/10/8,2019,10,8,2,TRUE,4351,13.21,32937.17,37288.17
2019/10/9,2019,10,9,3,TRUE,4701,14.53,32353.75,37054.75
2019/10/10,2019,10,10,4,FALSE,4405,15.84,27809.34,32214.34
2019/10/11,2019,10,11,5,FALSE,4490,16.52,27179.18,31669.18
2019/10/12,2019,10,12,6,FALSE,4742,17.59,26958.5,31700.5
2019/10/13,2019,10,13,7,FALSE,5432,20.6,26368.93,31800.93
2019/10/14,2019,10,14,1,TRUE,5091,16.48,30891.99,35982.99
2019/10/15,2019,10,15,2,TRUE,5085,16.66,30522.21,35607.21
2019/10/16,2019,10,16,3,TRUE,3984,13.14,30319.63,34303.63
2019/10/17,2019,10,17,4,TRUE,4582,15.18,30184.45,34766.45
2019/10/18,2019,10,18,5,TRUE,4810,15.94,30175.66,34985.66
2019/10/19,2019,10,19,6,FALSE,4788,18.11,26438.43,31226.43
2019/10/20,2019,10,20,7,FALSE,4420,17.52,25228.31,29648.31
2019/10/21,2019,10,21,1,TRUE,4274,14.63,29213.94,33487.94
2019/10/22,2019,10,22,2,TRUE,3803,12.66,30039.49,33842.49
2019/10/23,2019,10,23,3,TRUE,3779,12.48,30280.45,34059.45
2019/10/24,2019,10,24,4,TRUE,3829,12.62,30340.73,34169.73
2019/10/25,2019,10,25,5,TRUE,4120,13.67,30138.99,34258.99
2019/10/26,2019,10,26,6,FALSE,3101,11.7,26504.27,29605.27
2019/10/27,2019,10,27,7,FALSE,2762,10.74,25716.95,28478.95
2019/10/28,2019,10,28,1,TRUE,4053,13.42,30201.19,34254.19
2019/10/29,2019,10,29,2,TRUE,4616,15.58,29627.73,34243.73
2019/10/30,2019,10,30,3,TRUE,3666,12.34,29708.27,33374.27
2019/10/31,2019,10,31,4,TRUE,3639,12.1,30074.38,33713.38
2019/11/1,2019,11,1,5,TRUE,3930,12.96,30324.07,34254.07
2019/11/2,2019,11,2,6,FALSE,3378,12.65,26703.56,30081.56
2019/11/3,2019,11,3,7,FALSE,3420,13.29,25733.63,29153.63
2019/11/4,2019,11,4,1,TRUE,3455,11.84,29180.74,32635.74
2019/11/5,2019,11,5,2,TRUE,3769,12.89,29239.72,33008.72
2019/11/6,2019,11,6,3,TRUE,3344,11.36,29436.62,32780.62
2019/11/7,2019,11,7,4,TRUE,3752,12.67,29613.26,33365.26
2019/11/8,2019,11,8,5,TRUE,4741,16.4,28908.54,33649.54
2019/11/9,2019,11,9,6,FALSE,3709,14.32,25900.84,29609.84
2019/11/10,2019,11,10,7,FALSE,3032,12.27,24710.68,27742.68
2019/11/11,2019,11,11,1,TRUE,3607,12.6,28626.98,32233.98
2019/11/12,2019,11,12,2,TRUE,3592,12.26,29298.53,32890.53
2019/11/13,2019,11,13,3,TRUE,3300,11.24,29359.43,32659.43
2019/11/14,2019,11,14,4,TRUE,3823,13.2,28962.12,32785.12
2019/11/15,2019,11,15,5,TRUE,3150,10.95,28767.12,31917.12
2019/11/16,2019,11,16,6,FALSE,3200,12.27,26079.87,29279.87
2019/11/17,2019,11,17,7,FALSE,2590,10.21,25367.29,27957.29
2019/11/18,2019,11,18,1,TRUE,3037,10.36,29314.67,32351.67
2019/11/19,2019,11,19,2,TRUE,3337,11.61,28742.46,32079.46
2019/11/20,2019,11,20,3,TRUE,3347,11.57,28928.26,32275.26
2019/11/21,2019,11,21,4,TRUE,2996,10.15,29517.24,32513.24
2019/11/22,2019,11,22,5,TRUE,2970,10.07,29493.55,32463.55
2019/11/23,2019,11,23,6,FALSE,2695,10.06,26789.26,29484.26
2019/11/24,2019,11,24,7,FALSE,3190,12.47,25581.4,28771.4
2019/11/25,2019,11,25,1,TRUE,2969,10.12,29337.94,32306.94
2019/11/26,2019,11,26,2,TRUE,3312,11.31,29283.82,32595.82
2019/11/27,2019,11,27,3,TRUE,3565,12.16,29317.43,32882.43
2019/11/28,2019,11,28,4,TRUE,3418,11.95,28602.51,32020.51
2019/11/29,2019,11,29,5,TRUE,3392,11.91,28480.27,31872.27
2019/11/30,2019,11,30,6,FALSE,3004,11.62,25851.98,28855.98
2019/12/1,2019,12,1,7,FALSE,3425,13.79,24836.84,28261.84
2019/12/2,2019,12,2,1,TRUE,3462,12.39,27941.89,31403.89
2019/12/3,2019,12,3,2,TRUE,3150,11.19,28150.13,31300.13
2019/12/4,2019,12,4,3,TRUE,3053,10.72,28479.48,31532.48
2019/12/5,2019,12,5,4,TRUE,3022,10.53,28698.96,31720.96
2019/12/6,2019,12,6,5,TRUE,3414,11.95,28569.04,31983.04
2019/12/7,2019,12,7,6,FALSE,2901,11.23,25832.59,28733.59
2019/12/8,2019,12,8,7,FALSE,2956,11.94,24757.12,27713.12
2019/12/9,2019,12,9,1,TRUE,3205,11.36,28213.03,31418.03
2019/12/10,2019,12,10,2,TRUE,3146,11.06,28444.85,31590.85
2019/12/11,2019,12,11,3,TRUE,3202,11.28,28386.52,31588.52
2019/12/12,2019,12,12,4,TRUE,2998,10.55,28417.06,31415.06
2019/12/13,2019,12,13,5,TRUE,3154,11.12,28363.31,31517.31
2019/12/14,2019,12,14,6,FALSE,3035,11.82,25676.82,28711.82
2019/12/15,2019,12,15,7,FALSE,2812,11.38,24710.02,27522.02
2019/12/16,2019,12,16,1,TRUE,3039,10.53,28860.4,31899.4
2019/12/17,2019,12,17,2,TRUE,3189,10.91,29230.06,32419.06
2019/12/18,2019,12,18,3,TRUE,3254,11.19,29079.54,32333.54
2019/12/19,2019,12,19,4,TRUE,3107,10.73,28956.2,32063.2
2019/12/20,2019,12,20,5,TRUE,3146,11.01,28574.02,31720.02
2019/12/21,2019,12,21,6,FALSE,2815,10.69,26333.02,29148.02
2019/12/22,2019,12,22,7,FALSE,2747,10.94,25109.69,27856.69
2019/12/23,2019,12,23,1,TRUE,3330,11.57,28781.33,32111.33
2019/12/24,2019,12,24,2,TRUE,3284,11.32,29010.6,32294.6
2019/12/25,2019,12,25,3,TRUE,3606,12.45,28963.86,32569.86
2019/12/26,2019,12,26,4,TRUE,3263,11.27,28952.97,32215.97
2019/12/27,2019,12,27,5,TRUE,3206,11.5,27878.26,31084.26
2019/12/28,2019,12,28,6,FALSE,3153,12.43,25366.05,28519.05
2019/12/29,2019,12,29,7,FALSE,2899,11.6,24991.38,27890.38
2019/12/30,2019,12,30,1,TRUE,3143,11.23,27987.53,31130.53
2019/12/31,2019,12,31,2,TRUE,3108,11.36,27359.15,30467.15
2020/1/1,2020,1,1,3,FALSE,2790,11.01,25340.6,28130.6
2020/1/2,2020,1,2,4,TRUE,3080,10.91,28230.98,31310.98
2020/1/3,2020,1,3,5,TRUE,3383,11.96,28285.95,31668.95
2020/1/4,2020,1,4,6,FALSE,3636,14.21,25587.61,29223.61
2020/1/5,2020,1,5,7,FALSE,2695,10.88,24770.22,27465.22
2020/1/6,2020,1,6,1,TRUE,3010,10.51,28639.39,31649.39
2020/1/7,2020,1,7,2,TRUE,3104,10.65,29145.54,32249.54
2020/1/8,2020,1,8,3,TRUE,3235,11.33,28552.52,31787.52
2020/1/9,2020,1,9,4,TRUE,3131,10.9,28724.77,31855.77
2020/1/10,2020,1,10,5,TRUE,3298,11.58,28480.14,31778.14
2020/1/11,2020,1,11,6,FALSE,3851,15.2,25335.53,29186.53
2020/1/12,2020,1,12,7,FALSE,3091,12.44,24847.27,27938.27
2020/1/13,2020,1,13,1,TRUE,3157,11.02,28647.91,31804.91
2020/1/14,2020,1,14,2,TRUE,3412,11.85,28793.25,32205.25
2020/1/15,2020,1,15,3,TRUE,3386,11.91,28429.89,31815.89
2020/1/16,2020,1,16,4,TRUE,3005,10.47,28701.05,31706.05
2020/1/17,2020,1,17,5,TRUE,3399,12.06,28184.08,31583.08
2020/1/18,2020,1,18,6,FALSE,3159,12.12,26064.36,29223.36
2020/1/19,2020,1,19,7,FALSE,3335,13.17,25322.7,28657.7
2020/1/20,2020,1,20,1,TRUE,3183,11.38,27970.12,31153.12
2020/1/21,2020,1,21,2,TRUE,3259,11.84,27525.34,30784.34
2020/1/22,2020,1,22,3,TRUE,3886,15.09,25752.15,29638.15
2020/1/23,2020,1,23,4,FALSE,3344,14.21,23532.72,26876.72
2020/1/24,2020,1,24,5,FALSE,3483,16.17,21539.89,25022.89
2020/1/25,2020,1,25,6,FALSE,3551,16.89,21024.27,24575.27
2020/1/26,2020,1,26,7,FALSE,3528,16.66,21176.47,24704.47
2020/1/27,2020,1,27,1,FALSE,3704,17.06,21711.61,25415.61
2020/1/28,2020,1,28,2,FALSE,3653,16.01,22816.99,26469.99
2020/1/29,2020,1,29,3,FALSE,3303,13.77,23986.93,27289.93
2020/1/30,2020,1,30,4,TRUE,2991,11.36,26329.23,29320.23
2020/1/31,2020,1,31,5,TRUE,3361,12.58,26717.01,30078.01
2020/2/1,2020,2,1,6,FALSE,3890,15.43,25210.63,29100.63
2020/2/2,2020,2,2,7,FALSE,3247,13.08,24824.16,28071.16
2020/2/3,2020,2,3,1,TRUE,4088,14.62,27961.7,32049.7
2020/2/4,2020,2,4,2,TRUE,3302,11.61,28441,31743
2020/2/5,2020,2,5,3,TRUE,3643,12.83,28394.39,32037.39
2020/2/6,2020,2,6,4,TRUE,3347,11.75,28485.11,31832.11
2020/2/7,2020,2,7,5,TRUE,3767,13.32,28280.78,32047.78
2020/2/8,2020,2,8,6,FALSE,3660,14.28,25630.25,29290.25
2020/2/9,2020,2,9,7,FALSE,3084,12.26,25154.98,28238.98
2020/2/10,2020,2,10,1,TRUE,3146,11.12,28291.37,31437.37
2020/2/11,2020,2,11,2,TRUE,3219,11.23,28664.29,31883.29
2020/2/12,2020,2,12,3,TRUE,3348,11.73,28542.2,31890.2
2020/2/13,2020,2,13,4,TRUE,3246,11.16,29086.02,32332.02
2020/2/14,2020,2,14,5,TRUE,3123,10.7,29186.92,32309.92
2020/2/15,2020,2,15,6,TRUE,2996,10.79,27766.45,30762.45
2020/2/16,2020,2,16,7,FALSE,3985,15.9,25062.89,29047.89
2020/2/17,2020,2,17,1,TRUE,3744,13.23,28299.32,32043.32
2020/2/18,2020,2,18,2,TRUE,4249,14.95,28421.4,32670.4
2020/2/19,2020,2,19,3,TRUE,3564,12.56,28375.8,31939.8
2020/2/20,2020,2,20,4,TRUE,3131,10.94,28619.74,31750.74
2020/2/21,2020,2,21,5,TRUE,3138,11,28527.27,31665.27
2020/2/22,2020,2,22,6,FALSE,3674,14.11,26038.27,29712.27
2020/2/23,2020,2,23,7,FALSE,3740,14.92,25067.02,28807.02
2020/2/24,2020,2,24,1,TRUE,3010,10.44,28831.42,31841.42
2020/2/25,2020,2,25,2,TRUE,3124,10.7,29196.26,32320.26
2020/2/26,2020,2,26,3,TRUE,3167,10.75,29460.47,32627.47
2020/2/27,2020,2,27,4,TRUE,4253,14.99,28372.25,32625.25
2020/2/28,2020,2,28,5,FALSE,3286,12.47,26351.24,29637.24
2020/2/29,2020,2,29,6,FALSE,2806,10.93,25672.46,28478.46
2020/3/1,2020,3,1,7,FALSE,3320,13.29,24981.19,28301.19
2020/3/2,2020,3,2,1,TRUE,3295,11.54,28552.86,31847.86
2020/3/3,2020,3,3,2,TRUE,3106,10.64,29191.73,32297.73
2020/3/4,2020,3,4,3,TRUE,3758,13.02,28863.29,32621.29
2020/3/5,2020,3,5,4,TRUE,3518,12.3,28601.63,32119.63
2020/3/6,2020,3,6,5,TRUE,3179,11.13,28562.44,31741.44
2020/3/7,2020,3,7,6,FALSE,3712,14.18,26177.72,29889.72
2020/3/8,2020,3,8,7,FALSE,3379,13.22,25559.76,28938.76
2020/3/9,2020,3,9,1,TRUE,3208,10.82,29648.8,32856.8
2020/3/10,2020,3,10,2,TRUE,3941,13.79,28578.68,32519.68
2020/3/11,2020,3,11,3,TRUE,3255,11.41,28527.61,31782.61
2020/3/12,2020,3,12,4,TRUE,3002,10.23,29345.06,32347.06
2020/3/13,2020,3,13,5,TRUE,3098,10.62,29171.37,32269.37
2020/3/14,2020,3,14,6,FALSE,3826,14.83,25799.06,29625.06
2020/3/15,2020,3,15,7,FALSE,3493,14.06,24843.53,28336.53
2020/3/16,2020,3,16,1,TRUE,4820,17.22,27990.71,32810.71
2020/3/17,2020,3,17,2,TRUE,4143,14.41,28750.87,32893.87
2020/3/18,2020,3,18,3,TRUE,4153,14.26,29123.42,33276.42
2020/3/19,2020,3,19,4,TRUE,3085,10.5,29380.95,32465.95
2020/3/20,2020,3,20,5,TRUE,3700,12.75,29019.61,32719.61
2020/3/21,2020,3,21,6,FALSE,3020,11.34,26631.39,29651.39
2020/3/22,2020,3,22,7,FALSE,3086,11.83,26086.22,29172.22
2020/3/23,2020,3,23,1,TRUE,3771,12.84,29369.16,33140.16
2020/3/24,2020,3,24,2,TRUE,4125,14,29464.29,33589.29
2020/3/25,2020,3,25,3,TRUE,3577,11.91,30033.59,33610.59
2020/3/26,2020,3,26,4,TRUE,3187,10.33,30851.89,34038.89
2020/3/27,2020,3,27,5,TRUE,3264,10.44,31264.37,34528.37
2020/3/28,2020,3,28,6,FALSE,4066,15.7,25898.09,29964.09
2020/3/29,2020,3,29,7,FALSE,3489,13.87,25155.01,28644.01
2020/3/30,2020,3,30,1,TRUE,3508,12.22,28707.04,32215.04
2020/3/31,2020,3,31,2,TRUE,3322,11.39,29165.94,32487.94
2020/4/1,2020,4,1,3,TRUE,4095,14.48,28280.39,32375.39
2020/4/2,2020,4,2,4,FALSE,4108,16.15,25436.53,29544.53
2020/4/3,2020,4,3,5,FALSE,3749,14.92,25127.35,28876.35
2020/4/4,2020,4,4,6,FALSE,4414,18.21,24239.43,28653.43
2020/4/5,2020,4,5,7,FALSE,4249,17.45,24349.57,28598.57
2020/4/6,2020,4,6,1,TRUE,4054,14.35,28250.87,32304.87
2020/4/7,2020,4,7,2,TRUE,4037,14.36,28112.81,32149.81
2020/4/8,2020,4,8,3,TRUE,3364,11.91,28245.17,31609.17
2020/4/9,2020,4,9,4,TRUE,3678,13,28292.31,31970.31
2020/4/10,2020,4,10,5,TRUE,4650,16.33,28475.2,33125.2
2020/4/11,2020,4,11,6,FALSE,3179,12.34,25761.75,28940.75
2020/4/12,2020,4,12,7,FALSE,2809,11.42,24597.2,27406.2
2020/4/13,2020,4,13,1,TRUE,3328,12.05,27618.26,30946.26
2020/4/14,2020,4,14,2,TRUE,3563,12.78,27879.5,31442.5
2020/4/15,2020,4,15,3,TRUE,3497,12.41,28178.89,31675.89
2020/4/16,2020,4,16,4,TRUE,3144,11.02,28529.95,31673.95
2020/4/17,2020,4,17,5,TRUE,3609,12.45,28987.95,32596.95
2020/4/18,2020,4,18,6,FALSE,3489,13.09,26653.93,30142.93
2020/4/19,2020,4,19,7,FALSE,3028,11.42,26514.89,29542.89
2020/4/20,2020,4,20,1,TRUE,4091,13.64,29992.67,34083.67
2020/4/21,2020,4,21,2,TRUE,4376,14.59,29993.15,34369.15
2020/4/22,2020,4,22,3,TRUE,4031,14.1,28588.65,32619.65
2020/4/23,2020,4,23,4,TRUE,3948,14.07,28059.7,32007.7
2020/4/24,2020,4,24,5,TRUE,3948,14.26,27685.83,31633.83
2020/4/25,2020,4,25,6,FALSE,3166,12.34,25656.4,28822.4
2020/4/26,2020,4,26,7,FALSE,3120,12.43,25100.56,28220.56
2020/4/27,2020,4,27,1,TRUE,3810,13.27,28711.38,32521.38
2020/4/28,2020,4,28,2,TRUE,4687,16.19,28949.97,33636.97
2020/4/29,2020,4,29,3,TRUE,3346,11.33,29532.22,32878.22
2020/4/30,2020,4,30,4,TRUE,4864,16.43,29604.38,34468.38
2020/5/1,2020,5,1,5,TRUE,3512,13.11,26788.71,30300.71
2020/5/2,2020,5,2,6,FALSE,3414,12.9,26465.12,29879.12
2020/5/3,2020,5,3,7,FALSE,2967,11.06,26826.4,29793.4
2020/5/4,2020,5,4,1,TRUE,3476,10.75,32334.88,35810.88
2020/5/5,2020,5,5,2,TRUE,3400,10.2,33333.33,36733.33
2020/5/6,2020,5,6,3,TRUE,3426,10.39,32974.01,36400.01
2020/5/7,2020,5,7,4,TRUE,3736,11.49,32515.23,36251.23
2020/5/8,2020,5,8,5,TRUE,3414,10.1,33801.98,37215.98
2020/5/9,2020,5,9,6,FALSE,3823,12.87,29704.74,33527.74
2020/5/10,2020,5,10,7,FALSE,3015,10.25,29414.63,32429.63
2020/5/11,2020,5,11,1,TRUE,3350,10.09,33201.19,36551.19
2020/5/12,2020,5,12,2,TRUE,3766,11.78,31969.44,35735.44
2020/5/13,2020,5,13,3,TRUE,4199,13.01,32275.17,36474.17
2020/5/14,2020,5,14,4,TRUE,3382,10.11,33452.03,36834.03
2020/5/15,2020,5,15,5,TRUE,3622,10.72,33787.31,37409.31
2020/5/16,2020,5,16,6,FALSE,3947,13.14,30038.05,33985.05
2020/5/17,2020,5,17,7,FALSE,4241,14.78,28694.18,32935.18
2020/5/18,2020,5,18,1,TRUE,4085,12.45,32811.24,36896.24
2020/5/19,2020,5,19,2,TRUE,4626,14.76,31341.46,35967.46
2020/5/20,2020,5,20,3,TRUE,4951,15.71,31514.96,36465.96
2020/5/21,2020,5,21,4,TRUE,3983,12.62,31561.01,35544.01
2020/5/22,2020,5,22,5,TRUE,3675,11.9,30882.35,34557.35
2020/5/23,2020,5,23,6,FALSE,4061,15.1,26894.04,30955.04
2020/5/24,2020,5,24,7,FALSE,4289,15.94,26907.15,31196.15
2020/5/25,2020,5,25,1,TRUE,3942,12.15,32444.44,36386.44
2020/5/26,2020,5,26,2,TRUE,3563,10.83,32899.35,36462.35
2020/5/27,2020,5,27,3,TRUE,4932,15.69,31434.03,36366.03
2020/5/28,2020,5,28,4,TRUE,5261,16.69,31521.87,36782.87
2020/5/29,2020,5,29,5,TRUE,4098,12.59,32549.64,36647.64
2020/5/30,2020,5,30,6,FALSE,4186,14.68,28514.99,32700.99
2020/5/31,2020,5,31,7,FALSE,3430,11.92,28775.17,32205.17
2020/6/1,2020,6,1,1,TRUE,3633,10.79,33670.06,37303.06
2020/6/2,2020,6,2,2,TRUE,4071,11.84,34383.45,38454.45
2020/6/3,2020,6,3,3,TRUE,4163,12.07,34490.47,38653.47
2020/6/4,2020,6,4,4,TRUE,3754,10.75,34920.93,38674.93
2020/6/5,2020,6,5,5,TRUE,3683,10.56,34876.89,38559.89
2020/6/6,2020,6,6,6,FALSE,4240,13.79,30746.92,34986.92
2020/6/7,2020,6,7,7,FALSE,4535,16.13,28115.31,32650.31
2020/6/8,2020,6,8,1,TRUE,4580,14.15,32367.49,36947.49
2020/6/9,2020,6,9,2,TRUE,4515,13.95,32365.59,36880.59
2020/6/10,2020,6,10,3,TRUE,4367,12.93,33774.17,38141.17
2020/6/11,2020,6,11,4,TRUE,3986,11.65,34214.59,38200.59
2020/6/12,2020,6,12,5,TRUE,3586,10.24,35019.53,38605.53
2020/6/13,2020,6,13,6,FALSE,3764,11.93,31550.71,35314.71
2020/6/14,2020,6,14,7,FALSE,4572,15.33,29823.87,34395.87
2020/6/15,2020,6,15,1,TRUE,5033,14.34,35097.63,40130.63
2020/6/16,2020,6,16,2,TRUE,4022,11.27,35687.67,39709.67
2020/6/17,2020,6,17,3,TRUE,3975,10.99,36169.24,40144.24
2020/6/18,2020,6,18,4,TRUE,4191,11.65,35974.25,40165.25
2020/6/19,2020,6,19,5,TRUE,3862,10.63,36331.14,40193.14
2020/6/20,2020,6,20,6,TRUE,3675,10.41,35302.59,38977.59
2020/6/21,2020,6,21,7,FALSE,3484,11.02,31615.25,35099.25
2020/6/22,2020,6,22,1,TRUE,3849,10.51,36622.26,40471.26
2020/6/23,2020,6,23,2,TRUE,3768,10.23,36832.84,40600.84
2020/6/24,2020,6,24,3,TRUE,4086,10.99,37179.25,41265.25
2020/6/25,2020,6,25,4,FALSE,3379,10.61,31847.31,35226.31
2020/6/26,2020,6,26,5,FALSE,3907,12.87,30357.42,34264.42
2020/6/27,2020,6,27,6,FALSE,3620,11.88,30471.38,34091.38
2020/6/28,2020,6,28,7,FALSE,3412,10.97,31103.01,34515.01
2020/6/29,2020,6,29,1,TRUE,4013,11.04,36349.64,40362.64
2020/6/30,2020,6,30,2,TRUE,4647,12.67,36677.19,41324.19
2020/7/1,2020,7,1,3,TRUE,4029,11.09,36330.03,40359.03
2020/7/2,2020,7,2,4,TRUE,4458,12.44,35836.01,40294.01
2020/7/3,2020,7,3,5,TRUE,4131,11.54,35797.23,39928.23
2020/7/4,2020,7,4,6,FALSE,4287,13.43,31921.07,36208.07
2020/7/5,2020,7,5,7,FALSE,3475,11.13,31221.92,34696.92
2020/7/6,2020,7,6,1,TRUE,5016,13.98,35879.83,40895.83
2020/7/7,2020,7,7,2,TRUE,4610,12.69,36327.82,40937.82
2020/7/8,2020,7,8,3,TRUE,4315,11.63,37102.32,41417.32
2020/7/9,2020,7,9,4,TRUE,4367,11.9,36697.48,41064.48
2020/7/10,2020,7,10,5,TRUE,4379,11.89,36829.27,41208.27
2020/7/11,2020,7,11,6,FALSE,3671,11.15,32923.77,36594.77
2020/7/12,2020,7,12,7,FALSE,3518,10.92,32216.12,35734.12
2020/7/13,2020,7,13,1,TRUE,3974,10.59,37525.97,41499.97
2020/7/14,2020,7,14,2,TRUE,3924,10.38,37803.47,41727.47
2020/7/15,2020,7,15,3,TRUE,4210,11.45,36768.56,40978.56
2020/7/16,2020,7,16,4,TRUE,5085,14.16,35911.02,40996.02
2020/7/17,2020,7,17,5,TRUE,4256,11.54,36880.42,41136.42
2020/7/18,2020,7,18,6,FALSE,4321,13.02,33187.4,37508.4
2020/7/19,2020,7,19,7,FALSE,4128,12.97,31827.29,35955.29
2020/7/20,2020,7,20,1,TRUE,4269,11.38,37513.18,41782.18
2020/7/21,2020,7,21,2,TRUE,5133,13.94,36822.09,41955.09
2020/7/22,2020,7,22,3,TRUE,4266,11.42,37355.52,41621.52
2020/7/23,2020,7,23,4,TRUE,3848,10.12,38023.72,41871.72
2020/7/24,2020,7,24,5,TRUE,4129,10.99,37570.52,41699.52
2020/7/25,2020,7,25,6,FALSE,4697,14.3,32846.15,37543.15
2020/7/26,2020,7,26,7,FALSE,4718,15.44,30556.99,35274.99
2020/7/27,2020,7,27,1,TRUE,4565,12.42,36755.23,41320.23
2020/7/28,2020,7,28,2,TRUE,4531,12.47,36335.2,40866.2
2020/7/29,2020,7,29,3,TRUE,4845,13.33,36346.59,41191.59
2020/7/30,2020,7,30,4,TRUE,5460,15.34,35593.22,41053.22
2020/7/31,2020,7,31,5,TRUE,4138,11.4,36298.25,40436.25
2020/8/1,2020,8,1,6,FALSE,4121,12.61,32680.41,36801.41
2020/8/2,2020,8,2,7,FALSE,3810,12.39,30750.61,34560.61
2020/8/3,2020,8,3,1,TRUE,4898,14.53,33709.57,38607.57
2020/8/4,2020,8,4,2,TRUE,4353,12.79,34034.4,38387.4
2020/8/5,2020,8,5,3,TRUE,4387,12.4,35379.03,39766.03
2020/8/6,2020,8,6,4,TRUE,3853,10.53,36590.69,40443.69
2020/8/7,2020,8,7,5,TRUE,3860,10.52,36692.02,40552.02
2020/8/8,2020,8,8,6,FALSE,3871,11.96,32366.22,36237.22
2020/8/9,2020,8,9,7,FALSE,3187,10.23,31153.47,34340.47
2020/8/10,2020,8,10,1,TRUE,3726,10.23,36422.29,40148.29
2020/8/11,2020,8,11,2,TRUE,4384,12.47,35156.38,39540.38
2020/8/12,2020,8,12,3,TRUE,4270,11.69,36526.95,40796.95
2020/8/13,2020,8,13,4,TRUE,4651,12.81,36307.57,40958.57
2020/8/14,2020,8,14,5,TRUE,5022,13.97,35948.46,40970.46
2020/8/15,2020,8,15,6,FALSE,4941,15.83,31212.89,36153.89
2020/8/16,2020,8,16,7,FALSE,4622,15.55,29723.47,34345.47
2020/8/17,2020,8,17,1,TRUE,4585,12.9,35542.64,40127.64
2020/8/18,2020,8,18,2,TRUE,4236,11.68,36267.12,40503.12
2020/8/19,2020,8,19,3,TRUE,3869,10.46,36988.53,40857.53
2020/8/20,2020,8,20,4,TRUE,4384,11.91,36809.4,41193.4
2020/8/21,2020,8,21,5,TRUE,3862,10.49,36816.02,40678.02
2020/8/22,2020,8,22,6,FALSE,3398,10.97,30975.39,34373.39
2020/8/23,2020,8,23,7,FALSE,3297,10.9,30247.71,33544.71
2020/8/24,2020,8,24,1,TRUE,3694,10.13,36465.94,40159.94
2020/8/25,2020,8,25,2,TRUE,3812,10.28,37081.71,40893.71
2020/8/26,2020,8,26,3,TRUE,3796,10.6,35811.32,39607.32
2020/8/27,2020,8,27,4,TRUE,4545,12.95,35096.53,39641.53
2020/8/28,2020,8,28,5,TRUE,4272,12.16,35131.58,39403.58
2020/8/29,2020,8,29,6,FALSE,4174,13.4,31149.25,35323.25
2020/8/30,2020,8,30,7,FALSE,4086,13.32,30675.68,34761.68
2020/8/31,2020,8,31,1,TRUE,4719,13.41,35190.16,39909.16
2020/9/1,2020,9,1,2,TRUE,4478,12.64,35427.22,39905.22
2020/9/2,2020,9,2,3,TRUE,3869,10.6,36500,40369
2020/9/3,2020,9,3,4,TRUE,4811,13.56,35479.35,40290.35
2020/9/4,2020,9,4,5,TRUE,4870,13.54,35967.5,40837.5
2020/9/5,2020,9,5,6,FALSE,3923,12.75,30768.63,34691.63
2020/9/6,2020,9,6,7,FALSE,3873,13.87,27923.58,31796.58
2020/9/7,2020,9,7,1,TRUE,4362,12.85,33945.53,38307.53
2020/9/8,2020,9,8,2,TRUE,4155,11.83,35122.57,39277.57
2020/9/9,2020,9,9,3,TRUE,4177,11.81,35368.33,39545.33
2020/9/10,2020,9,10,4,TRUE,4255,12.01,35428.81,39683.81
2020/9/11,2020,9,11,5,TRUE,4084,11.47,35605.93,39689.93
2020/9/12,2020,9,12,6,FALSE,3383,10.8,31324.07,34707.07
2020/9/13,2020,9,13,7,FALSE,3024,10.07,30029.79,33053.79
2020/9/14,2020,9,14,1,TRUE,3718,10.43,35647.17,39365.17
2020/9/15,2020,9,15,2,TRUE,3725,10.26,36306.04,40031.04
2020/9/16,2020,9,16,3,TRUE,3733,10.22,36526.42,40259.42
2020/9/17,2020,9,17,4,TRUE,3724,10.11,36834.82,40558.82
2020/9/18,2020,9,18,5,TRUE,3729,10.11,36884.27,40613.27
2020/9/19,2020,9,19,6,FALSE,3317,10.21,32487.76,35804.76
2020/9/20,2020,9,20,7,FALSE,3885,13.16,29521.28,33406.28
2020/9/21,2020,9,21,1,TRUE,4562,13.26,34404.22,38966.22
2020/9/22,2020,9,22,2,TRUE,5125,14.97,34235.14,39360.14
2020/9/23,2020,9,23,3,TRUE,4772,13.76,34680.23,39452.23
2020/9/24,2020,9,24,4,TRUE,5434,16.21,33522.52,38956.52
2020/9/25,2020,9,25,5,TRUE,5274,16.48,32002.43,37276.43
2020/9/26,2020,9,26,6,TRUE,4547,14.62,31101.23,35648.23
2020/9/27,2020,9,27,7,FALSE,4489,16.75,26800,31289
2020/9/28,2020,9,28,1,TRUE,4555,14.64,31113.39,35668.39
2020/9/29,2020,9,29,2,TRUE,4259,13.42,31736.21,35995.21
2020/9/30,2020,9,30,3,TRUE,5285,17.2,30726.74,36011.74
2020/10/1,2020,10,1,4,FALSE,4645,17.6,26392.05,31037.05
2020/10/2,2020,10,2,5,FALSE,3460,12.78,27073.55,30533.55
2020/10/3,2020,10,3,6,FALSE,3418,12.41,27542.3,30960.3
2020/10/4,2020,10,4,7,FALSE,3592,12.7,28283.46,31875.46
2020/10/5,2020,10,5,1,TRUE,4539,13.96,32514.33,37053.33
2020/10/6,2020,10,6,2,TRUE,4239,13.29,31896.16,36135.16
2020/10/7,2020,10,7,3,TRUE,4100,13.1,31297.71,35397.71
2020/10/8,2020,10,8,4,TRUE,4718,15.31,30816.46,35534.46
2020/10/9,2020,10,9,5,FALSE,4310,15.68,27487.24,31797.24
2020/10/10,2020,10,10,6,FALSE,3295,12.03,27389.86,30684.86
2020/10/11,2020,10,11,7,FALSE,3088,11.26,27424.51,30512.51
2020/10/12,2020,10,12,1,TRUE,3361,10.17,33048.18,36409.18
2020/10/13,2020,10,13,2,TRUE,3465,10.38,33381.5,36846.5
2020/10/14,2020,10,14,3,TRUE,3992,12.17,32801.97,36793.97
2020/10/15,2020,10,15,4,TRUE,3926,12.01,32689.43,36615.43
2020/10/16,2020,10,16,5,TRUE,3801,11.56,32880.62,36681.62
2020/10/17,2020,10,17,6,FALSE,4087,14.59,28012.34,32099.34
2020/10/18,2020,10,18,7,FALSE,3946,14.85,26572.39,30518.39
2020/10/19,2020,10,19,1,TRUE,4505,14.51,31047.55,35552.55
2020/10/20,2020,10,20,2,TRUE,4244,13.42,31624.44,35868.44
2020/10/21,2020,10,21,3,TRUE,3309,10.22,32377.69,35686.69
2020/10/22,2020,10,22,4,TRUE,4341,13.91,31207.76,35548.76
2020/10/23,2020,10,23,5,TRUE,4003,13.48,29695.85,33698.85
2020/10/24,2020,10,24,6,FALSE,3892,14.53,26785.96,30677.96
2020/10/25,2020,10,25,7,FALSE,4025,15.41,26119.4,30144.4
2020/10/26,2020,10,26,1,TRUE,3503,11.27,31082.52,34585.52
2020/10/27,2020,10,27,2,TRUE,3401,10.74,31666.67,35067.67
2020/10/28,2020,10,28,3,TRUE,3470,10.86,31952.12,35422.12
2020/10/29,2020,10,29,4,TRUE,3708,11.86,31264.76,34972.76
2020/10/30,2020,10,30,5,TRUE,4215,13.93,30258.44,34473.44
2020/10/31,2020,10,31,6,FALSE,3719,13.9,26755.4,30474.4
2020/11/1,2020,11,1,7,FALSE,3569,13.66,26127.38,29696.38
2020/11/2,2020,11,2,1,TRUE,3523,11.58,30423.14,33946.14
2020/11/3,2020,11,3,2,TRUE,3189,10.64,29971.8,33160.8
2020/11/4,2020,11,4,3,TRUE,3551,11.92,29790.27,33341.27
2020/11/5,2020,11,5,4,TRUE,3319,10.94,30338.21,33657.21
2020/11/6,2020,11,6,5,TRUE,3263,10.26,31803.12,35066.12
2020/11/7,2020,11,7,6,FALSE,3199,11.34,28209.88,31408.88
2020/11/8,2020,11,8,7,FALSE,3928,15.33,25622.96,29550.96
2020/11/9,2020,11,9,1,TRUE,4080,13.89,29373.65,33453.65
2020/11/10,2020,11,10,2,TRUE,3590,12.04,29817.28,33407.28
2020/11/11,2020,11,11,3,TRUE,3708,12.52,29616.61,33324.61
2020/11/12,2020,11,12,4,TRUE,3191,10.5,30390.48,33581.48
2020/11/13,2020,11,13,5,TRUE,3373,11.17,30196.96,33569.96
2020/11/14,2020,11,14,6,FALSE,3364,12.39,27150.93,30514.93
2020/11/15,2020,11,15,7,FALSE,3463,13.27,26096.46,29559.46
2020/11/16,2020,11,16,1,TRUE,3147,10.16,30974.41,34121.41
2020/11/17,2020,11,17,2,TRUE,3202,10.2,31392.16,34594.16
2020/11/18,2020,11,18,3,TRUE,3361,10.56,31827.65,35188.65
2020/11/19,2020,11,19,4,TRUE,3314,10.33,32081.32,35395.32
2020/11/20,2020,11,20,5,TRUE,3643,11.38,32012.3,35655.3
2020/11/21,2020,11,21,6,FALSE,2928,10.21,28677.77,31605.77
2020/11/22,2020,11,22,7,FALSE,2765,10.28,26896.89,29661.89
2020/11/23,2020,11,23,1,TRUE,3145,10.2,30833.33,33978.33
2020/11/24,2020,11,24,2,TRUE,3134,10.13,30937.81,34071.81
2020/11/25,2020,11,25,3,TRUE,3306,10.5,31485.71,34791.71
2020/11/26,2020,11,26,4,TRUE,3145,10.01,31418.58,34563.58
2020/11/27,2020,11,27,5,TRUE,3495,11.58,30181.35,33676.35
2020/11/28,2020,11,28,6,FALSE,2977,11.09,26844,29821
2020/11/29,2020,11,29,7,FALSE,3287,13.02,25245.78,28532.78
2020/11/30,2020,11,30,1,TRUE,3320,11.4,29122.81,32442.81
2020/12/1,2020,12,1,2,TRUE,3237,10.94,29588.67,32825.67
2020/12/2,2020,12,2,3,TRUE,3050,10.33,29525.65,32575.65
2020/12/3,2020,12,3,4,TRUE,3168,10.81,29306.2,32474.2
2020/12/4,2020,12,4,5,TRUE,3084,10.5,29371.43,32455.43
2020/12/5,2020,12,5,6,FALSE,3618,13.58,26642.12,30260.12
2020/12/6,2020,12,6,7,FALSE,2691,10.51,25604.19,28295.19
2020/12/7,2020,12,7,1,TRUE,3106,10.45,29722.49,32828.49
2020/12/8,2020,12,8,2,TRUE,3164,10.59,29877.24,33041.24
2020/12/9,2020,12,9,3,TRUE,3094,10.27,30126.58,33220.58
2020/12/10,2020,12,10,4,TRUE,3086,10.22,30195.69,33281.69
2020/12/11,2020,12,11,5,TRUE,3129,10.46,29913.96,33042.96
2020/12/12,2020,12,12,6,FALSE,3282,12.31,26661.25,29943.25
2020/12/13,2020,12,13,7,FALSE,2830,11.12,25449.64,28279.64
2020/12/14,2020,12,14,1,TRUE,3021,10.2,29617.65,32638.65
2020/12/15,2020,12,15,2,TRUE,3012,10.14,29704.14,32716.14
2020/12/16,2020,12,16,3,TRUE,3020.59,10.14,29788.86,32809.45
2020/12/17,2020,12,17,4,TRUE,3000.27,10.04,29883.17,32883.44
2020/12/18,2020,12,18,5,TRUE,3047.2,10.22,29816.05,32863.25
2020/12/19,2020,12,19,6,FALSE,3046.68,11.39,26748.73,29795.41
2020/12/20,2020,12,20,7,FALSE,3716.33,14.48,25665.26,29381.59
2020/12/21,2020,12,21,1,TRUE,3072.6,10.36,29658.3,32730.9
2020/12/22,2020,12,22,2,TRUE,3198.84,10.7,29895.7,33094.54
2020/12/23,2020,12,23,3,TRUE,3076.31,10.15,30308.47,33384.78
2020/12/24,2020,12,24,4,TRUE,3544.739,11.87,29863.01,33407.75
2020/12/25,2020,12,25,5,TRUE,3417.97,11.67,29288.52,32706.49
2020/12/26,2020,12,26,6,FALSE,3065.95,11.47,26730.17,29796.12
2020/12/27,2020,12,27,7,FALSE,2868.795,11.04,25985.46,28854.26
2020/12/28,2020,12,28,1,TRUE,3134.859,10.63,29490.68,32625.54
2020/12/29,2020,12,29,2,TRUE,3093.26,10.3,30031.65,33124.91
2020/12/30,2020,12,30,3,TRUE,3117.59,10.72,29082,32199.59
2020/12/31,2020,12,31,4,TRUE,3153.776,11.09,28438.02,31591.79
2021/1/1,2021,1,1,5,FALSE,2767,10.76,25715.61,28482.61
2021/1/2,2021,1,2,6,FALSE,2936,11.52,25486.11,28422.11
2021/1/3,2021,1,3,7,FALSE,3037,11.92,25478.19,28515.19
2021/1/4,2021,1,4,1,TRUE,3032,10.2,29725.49,32757.49
2021/1/5,2021,1,5,2,TRUE,3067,10.21,30039.18,33106.18
2021/1/6,2021,1,6,3,TRUE,3102,10.23,30322.58,33424.58
2021/1/7,2021,1,7,4,TRUE,3102,10.17,30501.47,33603.47
2021/1/8,2021,1,8,5,TRUE,3105,10.21,30411.36,33516.36
2021/1/9,2021,1,9,6,FALSE,3202,11.41,28063.1,31265.1
2021/1/10,2021,1,10,7,FALSE,2906,10.66,27260.79,30166.79
2021/1/11,2021,1,11,1,TRUE,3093,10.08,30684.52,33777.52
2021/1/12,2021,1,12,2,TRUE,3116,10.17,30639.13,33755.13
2021/1/13,2021,1,13,3,TRUE,3114,10.38,30000,33114
2021/1/14,2021,1,14,4,TRUE,3132,10.43,30028.76,33160.76
2021/1/15,2021,1,15,5,TRUE,3310,11.2,29553.57,32863.57
2021/1/16,2021,1,16,6,FALSE,3046,11.23,27123.78,30169.78
2021/1/17,2021,1,17,7,FALSE,3035,11.36,26716.55,29751.55
2021/1/18,2021,1,18,1,TRUE,3157,10.55,29924.17,33081.17
2021/1/19,2021,1,19,2,TRUE,3159,10.53,30000,33159
2021/1/20,2021,1,20,3,TRUE,3149,10.5,29990.48,33139.48
2021/1/21,2021,1,21,4,TRUE,3074,10.15,30285.71,33359.71
2021/1/22,2021,1,22,5,TRUE,3097,10.29,30097.18,33194.18
2021/1/23,2021,1,23,6,FALSE,3203,11.77,27213.25,30416.25
2021/1/24,2021,1,24,7,FALSE,3073,11.95,25715.48,28788.48
2021/1/25,2021,1,25,1,TRUE,3269,10.97,29799.45,33068.45
2021/1/26,2021,1,26,2,TRUE,3219,10.75,29944.19,33163.19
2021/1/27,2021,1,27,3,TRUE,3064,10.36,29575.29,32639.29
2021/1/28,2021,1,28,4,TRUE,3286,11.12,29550.36,32836.36
2021/1/29,2021,1,29,5,TRUE,3203,10.94,29277.88,32480.88
2021/1/30,2021,1,30,6,FALSE,3447,12.93,26658.93,30105.93
2021/1/31,2021,1,31,7,FALSE,2906,11.41,25468.89,28374.89
2021/2/1,2021,2,1,1,,2938,10.12,29031.62,31969.62
2021/2/2,2021,2,2,2,,3045,10.24,29736.33,32781.33
2021/2/3,2021,2,3,3,,3006,10.15,29615.76,32621.76
2021/2/4,2021,2,4,4,,3132,10.56,29659.09,32791.09
2021/2/5,2021,2,5,5,,3060,10.45,29282.3,32342.3
2021/2/6,2021,2,6,6,,3066,11.49,26684.07,29750.07
2021/2/7,2021,2,7,7,,2763,10.66,25919.32,28682.32
2021/2/8,2021,2,8,1,,3047,10.92,27902.93,30949.93
2021/2/9,2021,2,9,2,,2880,11.03,26110.61,28990.61
2021/2/10,2021,2,10,3,,2888,11.85,24371.31,27259.31
2021/2/11,2021,2,11,4,,2833,12.8,22132.81,24965.81
2021/2/12,2021,2,12,5,,2992,13.65,21919.41,24911.41
2021/2/13,2021,2,13,6,,3024,13.77,21960.78,24984.78
2021/2/14,2021,2,14,7,,2911,12.97,22444.1,25355.1
2021/2/15,2021,2,15,1,,2645,11.27,23469.39,26114.39
2021/2/16,2021,2,16,2,,3002,12.15,24707.82,27709.82
2021/2/17,2021,2,17,3,,2824,10.13,27877.59,30701.59
2021/2/18,2021,2,18,4,,2907,10.19,28527.97,31434.97
2021/2/19,2021,2,19,5,,2885,10.08,28621.03,31506.03
2021/2/20,2021,2,20,6,,2975,10.86,27394.11,30369.11
2021/2/21,2021,2,21,7,,3139,12.43,25253.42,28392.42
2021/2/22,2021,2,22,1,,2989,10.18,29361.49,32350.49
2021/2/23,2021,2,23,2,,3109,10.39,29923,33032
2021/2/24,2021,2,24,3,,3049,10.15,30039.41,33088.41
2021/2/25,2021,2,25,4,,3029,10.07,30079.44,33108.44
2021/2/26,2021,2,26,5,,3041,10.23,29726.3,32767.3
2021/2/27,2021,2,27,6,,2758,10.42,26468.33,29226.33
2021/2/28,2021,2,28,7,,2672,10.68,25018.73,27690.73
,,,,,,,,,
,,,,,,,,,
,,,,,,,,,
,,,,,,,,,
,,,,,,,,,
,,,,,,,,,
,,,,,,,,,
,,,,,,,,,
,,,,,,,,,
,,,,,,,,,
,,,,,,,,,
,,,,,,,,,
,,,,,,,,,
,,,,,,,,,
